,VENUE,H_TEAM,LAT,LNG,LOCATION,CAPACITY
0,ABANCA-Riazor,Deportivo,43.3687184,-8.4174835,"A Coruña, A Coruña, Galicia, Spain",34889
1,Alfredo Di Stéfano,Real Madrid,43.3014018,-1.9735459,"Donostia, Gipuzkoa, Euskadi, Spain",6000
2,Anoeta,Athletic Bilbao,43.3014018,-1.9735459,"Donostia, Gipuzkoa, Euskadi, Spain",39313
3,Anoeta,Real Sociedad,43.3014018,-1.9735459,"Donostia, Gipuzkoa, Euskadi, Spain",39313
4,Antiguo San Mamés,Athletic Bilbao,43.26436386812221,-2.949187865615009,"P.º Rafael Moreno ""Pitxitxi"", s/n, 48013 Bilbao, Biscay, Spain",53289
5,Balaídos,Celta Vigo,42.2119201,-8.73974,"Vigo, Pontevedra, Galicia, Spain",29000
6,Benito Villamarín,Real Betis,37.3565037,-5.9817521,"Sevilla, Sevilla, Sevilla, Spain",60720
7,Butarque,Leganes,40.3404893,-3.7606014,"Leganés, Madrid, Comunidad de Madrid, Spain",12454
8,Camp Nou,Barcelona,41.380896,2.1228198,"Barcelona, Barcelona, Catalunya, Spain",99354
9,Campo de Fútbol de Vallecas,Rayo Vallecano,40.392062,-3.6587075,"Madrid, Madrid, Comunidad de Madrid, Spain",14708
10,Ciutat de Valencia,Levante,39.49469089999999,-0.3638088,"València, Valencia, Comunidad Valenciana, Spain",26354
11,Ciutat de València,Levante,39.49469089999999,-0.3638088,"València, Valencia, Comunidad Valenciana, Spain",26354
12,Coliseum Alfonso Pérez,Getafe,40.3257267,-3.7149399,"Getafe, Madrid, Comunidad de Madrid, Spain",17000
13,Coliseum Alfonso P�rez,Getafe,40.3257267,-3.7149399,"Getafe, Madrid, Comunidad de Madrid, Spain",17000
14,Cornell? - El Prat,Espanyol,41.34797349999999,2.0747653,"Cornellà de Llobregat, Barcelona, Catalunya, Spain",40000
15,Cornellá - El Prat,Espanyol,41.34797349999999,2.0747653,"Cornellà de Llobregat, Barcelona, Catalunya, Spain",40000
16,Cornell� - El Prat,Espanyol,41.34797349999999,2.0747653,"Cornellà de Llobregat, Barcelona, Catalunya, Spain",40000
17,El Alcoraz,SD Huesca,42.131916186348526,-0.4247331596259551,"Cam. de Cocorón, s/n, 22004 Huesca, Spain",9100
18,El Madrigal,Villarreal,39.9438858,-0.1031381,"Vila-real, Castelló, Comunidad Valenciana, Spain",22000
19,El Molin?n,Sporting Gijon,43.5362209,-5.637373999999999,"Gijón, Asturias, Principado de Asturias, Spain",29029
20,El Molinón,Sporting Gijon,43.5362209,-5.637373999999999,"Gijón, Asturias, Principado de Asturias, Spain",29029
21,El Molin�n,Sporting Gijon,43.5362209,-5.637373999999999,"Gijón, Asturias, Principado de Asturias, Spain",29029
22,El Sadar,Osasuna,42.7966766,-1.6371204,"Pamplona, Navarra, Navarra, Spain",23576
23,El Sardinero,Racing Santander,43.4763159,-3.793305599999999,"Santander, Cantabria, Cantabria, Spain",22222
24,Estadio Camilo Cano,Levante,38.60403771815771,-0.1223304422629164,"Partida Muixara, S/N, 03530 La Nucia, Alicante, Španija",5000
25,Estadio Los Cármenes,Granada,37.1529018,-3.5957356,"Granada, Granada, Andalucía, Spain",19336
26,Estadio Municipal de Ipurúa,Eibar,43.1817416,-2.475868,"Eibar, Gipuzkoa, Euskadi, Spain",8164
27,Estadio Nuevo Arcángel,Cordoba,37.8721706,-4.7644367,"Córdoba, Córdoba, Andalucía, Spain",21822
28,Estadio de Gran Canaria,Las Palmas,27.9202202,-15.5474373,"Las Palmas, Canary Islands, Spain",11500
29,Estadio de Vallecas,Rayo Vallecano,40.39207066828864,-3.6587029781771134,"C. del Payaso Fofó, 0, 28018 Madrid, Spain",14708
30,Estadio de la Cerámica,Levante,39.9438858,-0.1031381,"Vila-real, Castelló, Comunidad Valenciana, Spain",22000
31,Estadio de la Cerámica,Villarreal,39.9438858,-0.1031381,"Vila-real, Castelló, Comunidad Valenciana, Spain",22000
32,Gran Canaria,Las Palmas,28.100483329686856,-15.456728968738847,"C. Fondos de Segura, s/n, 35019 Las Palmas de Gran Canaria, Las Palmas, Spain",11500
33,Heliodoro Rodríguez López,Tenerife,28.4632978,-16.2605297,"Santa Cruz de Tenerife, Santa Cruz de Tenerife, Canarias, Spain",22824
34,Heliodoro Rodr�guez L�pez,Tenerife,28.4632978,-16.2605297,"Santa Cruz de Tenerife, Santa Cruz de Tenerife, Canarias, Spain",22824
35,Iberostar Estadi,Mallorca,39.589952,2.63005,"Palma, Illes Balears, Illes Balears, Spain",23142
36,Ipurua,Eibar,43.1817416,-2.475868,"Eibar, Gipuzkoa, Euskadi, Spain",8164
37,Ipurúa,Eibar,43.1817416,-2.475868,"Eibar, Gipuzkoa, Euskadi, Spain",8164
38,José Rico Pérez,Hercules,38.3573611,-0.4927119999999999,"Alicante (Alacant), Alicante, Comunidad Valenciana, Spain",29500
39,José Zorrilla,Real Valladolid,41.6445972,-4.7612219,"Valladolid, Valladolid, Castilla y León, Spain",26451
40,Jos� Zorrilla,Real Valladolid,41.6445972,-4.7612219,"Valladolid, Valladolid, Castilla y León, Spain",26451
41,Juegos Mediterráneos,Almeria,36.8400432,-2.4354129,"Almería, Almería, Andalucía, Spain",15274
42,Juegos Mediterr�neos,Almeria,36.8400432,-2.4354129,"Almería, Almería, Andalucía, Spain",15274
43,Juegos del Mediterráneo,Almeria,36.8400432,-2.4354129,"Almería, Almería, Andalucía, Spain",15274
44,La Romareda,Malaga,41.6364777,-0.9018244,"Zaragoza, Zaragoza, Aragón, Spain",33608
45,La Romareda,Real Zaragoza,41.6364777,-0.9018244,"Zaragoza, Zaragoza, Aragón, Spain",33608
46,La Rosaleda,Malaga,36.7335796,-4.4266511,"Málaga, Málaga, Málaga, Spain",30044
47,Los Cármenes,Granada,37.1529018,-3.5957356,"Granada, Granada, Andalucía, Spain",19336
48,Martínez Valero,Elche,38.2671385,-0.6628111,"Elche, Alicante, Valencian Community, Spain",31388
49,Mendizorroza,Deportivo Alaves,42.8370912,-2.688221,"Gasteiz, Araba, Euskadi, Spain",19840
50,Mestalla,Valencia,39.47466,-0.3585882,"València, Valencia, Comunidad Valenciana, Spain",48600
51,Municipal de Chapín,Xerez,36.6893456,-6.1205197,"Jerez de la Frontera, Cádiz, Andalucía, Spain",20523
52,Municipal de Chap�n,Xerez,36.6893456,-6.1205197,"Jerez de la Frontera, Cádiz, Andalucía, Spain",20523
53,Municipal de Montilivi,Girona,42.13188830000001,-0.4247182,"Huesca, Huesca, Aragón, Spain",11810
54,Municipal de Riazor,Deportivo,43.3687184,-8.4174835,"A Coruña, A Coruña, Galicia, Spain",34889
55,Nuevo Los Cármenes,Granada,37.1529018,-3.5957356,"Granada, Granada, Andalucía, Spain",19336
56,Nuevo Mirandilla,Cadiz,36.50262683070327,-6.272842668674269,"Pl. de Madrid, s/n, 11010 Cádiz, Spain",20724
57,Ono Estadi,Mallorca,39.589952,2.63005,"Palma, Illes Balears, Illes Balears, Spain",23142
58,Power8 Stadium,Espanyol,41.34797349999999,2.0747653,"Cornellà de Llobregat, Barcelona, Catalunya, Spain",40000
59,RCDE Stadium,Espanyol,41.34797349999999,2.0747653,"Cornellà de Llobregat, Barcelona, Catalunya, Spain",40000
60,Ram?n S?nchez Pizju?n,Sevilla,37.3840655,-5.9706902,"Sevilla, Sevilla, Andalucía, Spain",12480
61,Ramón Sánchez Pizjuán,Sevilla,37.3840655,-5.9706902,"Sevilla, Sevilla, Andalucía, Spain",42714
62,Ramón Sánchez-Pizjuán,Sevilla,37.3840655,-5.9706902,"Sevilla, Sevilla, Andalucía, Spain",42714
63,Ramón de Carranza,Cadiz,36.502601,-6.2729285,"Cádiz, Cádiz, Andalucía, Spain",20724
64,Ramón-Sánchez Pizjuán,Sevilla,37.3840655,-5.9706902,"Sevilla, Sevilla, Andalucía, Spain",42714
65,Ram�n S�nchez Pizju�n,Sevilla,37.3840655,-5.9706902,"Sevilla, Sevilla, Andalucía, Spain",12480
66,Reale Arena,Real Sociedad,43.30140942488806,-1.9735450859606152,"1, Anoeta Pasalekua, 20014 Donostia, Gipuzkoa, Spain",39313
67,Reyno de Navarra,Osasuna,42.7966766,-1.6371204,"Pamplona, Navarra, Navarra, Spain",23576
68,Riazor,Deportivo,43.3687184,-8.4174835,"A Coruña, A Coruña, Galicia, Spain",34889
69,San Mamés,Athletic Bilbao,43.2641706,-2.9493416,"Bilbao, Vizcaya, País Vasco, Spain",53331
70,San Mam�s,Athletic Bilbao,43.2641706,-2.9493416,"Bilbao, Vizcaya, País Vasco, Spain",53331
71,Santiago Bernab?u,Real Madrid,40.4530387,-3.6883337,"Madrid, Madrid, Comunidad de Madrid, Spain",81044
72,Santiago Bernabéu,Real Madrid,40.4530387,-3.6883337,"Madrid, Madrid, Comunidad de Madrid, Spain",81044
73,Santiago Bernab�u,Real Madrid,40.4530387,-3.6883337,"Madrid, Madrid, Comunidad de Madrid, Spain",81044
74,Son Moix,Mallorca,39.5900842441344,2.6301143771452016,"Camí dels Reis, s/n, 07011 Palma, Illes Balears, Spain",23142
75,Vicente Calderón,Atletico,40.4017243,-3.7206352,"Madrid, Madrid, Comunidad de Madrid, Spain",54907
76,Vicente Calder�n,Atletico,40.4017243,-3.7206352,"Madrid, Madrid, Comunidad de Madrid, Spain",54907
77,Visit Mallorca Estadi,Mallorca,39.5900842441344,2.6301143771452016,"Camí dels Reis, s/n, 07011 Palma, Illes Balears, Spain",23142
78,Wanda Metropolitano,Atletico,40.43630994509151,-3.599481517940326,"Av. de Luis Aragonés, 4, 28022 Madrid, Spain",68456
